source,target,weight
Korean language education,한국어교육,28
Korean language education,한국어 교육,27
vocabulary education,어휘 교육,17
Korean Language Education,한국어교육,17
Korean,한국어,14
Korean vocabulary education,한국어 어휘 교육,10
Korean education,한국어 교육,10
corpus,말뭉치,10
Korean Language Education,한국어 교육,9
말뭉치,유의어,9
Corpus,말뭉치,8
어휘 교육,한국어교육,7
Vocabulary Education,어휘 교육,7
Korean language,한국어,7
vocabulary,어휘,7
Korean textbook,한국어 교재,7
어휘 교육,한국어 교육,6
Sino-Korean word,한자어,6
Korean textbooks,한국어 교재,6
Korean education,어휘 교육,5
Corpus,유의어,5
Synonym,유의어,5
Korean Education,한국어교육,5
corpus,코퍼스,5
Korean education,한국어교육,5
vocabulary learning,어휘 학습,5
Korean for academic purposes,학문 목적 한국어,5
Korean language education,vocabulary education,4
Korean language education,어휘 교육,4
vocabulary education,한국어교육,4
vocabulary education,한국어 교육,4
Korean Language Education,어휘 교육,4
Synonym,말뭉치,4
Vocabulary,어휘,4
어휘교육,한국어교육,4
말뭉치,어휘 교육,4
Vocabulary education,어휘 교육,4
중국어,한국어,4
Writing,쓰기,4
Chinese character,한자,4
Korean Education,한국어 교육,4
중국인 한국어 학습자,한국어 교육,4
Sino-Korean words,한자어,4
한국어 교육,한자어,4
error analysis,오류 분석,4
Korean education,vocabulary education,3
어휘 교육,어휘 능력,3
한자,한자어,3
Korean language education,연구 동향,3
연구 동향,한국어교육,3
Chinese character,한자어,3
collocation,연어,3
Corpus,Synonym,3
Corpus,Vocabulary,3
Vocabulary,말뭉치,3
한국어,한국어교육,3
한자 교육,한자어,3
Corpus,어휘 교육,3
KFL,한국어교육,3
Korean language education,의성어,3
curriculum,교육과정,3
Synonym,공기 관계,3
collocation,공기 관계,3
한자,한자교육,3
어휘 교육,한자,3
어휘 교육,유의어,3
어휘 교육,한자어 교육,3
corpus,어휘 교육,3
공기 관계,말뭉치,3
교재,한국어 교육,3
Korean Language Education,다문화가정,3
다문화가정,한국어교육,3
corpus,유의어,3
공기 관계,유의어,3
Korean,중국어,3
유의어,한국어 교육,3
Corpus,코퍼스,3
vocabulary learning,한국어 교육,3
어휘 학습,한국어 교육,3
다문화가정,여성결혼이민자,3
Korean language education,어휘 지식,2
어휘 교육,어휘 지식,2
Korean Language Education,Vocabulary Education,2
Vocabulary Education,한국어 교육,2
한국어,한국어 교육,2
Sino-Korean word,한자,2
Corpus,어휘,2
Synonym,어휘,2
말뭉치,어휘,2
오류,중국인 학습자,2
Vocabulary education,어휘교육,2
Vocabulary education,한국어교육,2
어휘교육,한국어,2
Korean Education,학문 목적 한국어,2
학문 목적 한국어,한국어교육,2
학문 목적 한국어,한국어능력시험,2
Korean language education,어휘교육,2
Corpus,Vocabulary Education,2
Vocabulary Education,말뭉치,2
문학교육,외국어로서의 한국어교육,2
어휘교육,한자어,2
한국어,한자어,2
vocabulary,한자어,2
Korean culture,Korean education,2
Korean education,Vocabulary education,2
어휘 교육,연어,2
의성어,한국어 교육,2
KFL,인지,2
KFL,한국어 교육,2
KFL,한자 교육,2
인지,한국어 교육,2
인지,한자 교육,2
한국어 교육,한자 교육,2
漢字語,한자어,2
어휘,한자어,2
Synonym,collocation,2
Chinese character,어휘 교육,2
어휘 교육,학문 목적 한국어,2
언어 네트워크 분석,한국어 쓰기 교육,2
어휘,한국어 교육,2
vocabulary education,유의어,2
유의어,한국어 어휘,2
Korean education,한자어,2
Korean education,한자어 교육,2
vocabulary education,한자어 교육,2
한국어 교육,한자어 교육,2
한자어,한자어 교육,2
corpus,vocabulary education,2
어휘 교육,코퍼스,2
교재,한국어교육,2
Korean language education,교재,2
유의어,한국어 어휘 교육,2
중국인 학습자,한국어 교육,2
writing,문법,2
writing,쓰기,2
문법,쓰기,2
Korean education,한국어 쓰기,2
Vocabulary Education,어휘교육,2
어휘교육,외국어로서의 한국어교육,2
여성결혼이민자,한국어,2
vocabulary education,어휘교육,2
관용표현,속담,2
Korean education,중국인 한국어 학습자,2
Korean textbook,교재 개발,2
교재 개발,한국어 교재,2
Chinese character,Korean,2
문화,한국어,2
어휘 교육,외래어,2
Korean,frequency,2
frequency,한국어,2
한국어,한자교육,2
Korean Language Education,Writing,2
Korean Language Education,쓰기,2
Writing,한국어교육,2
쓰기,한국어교육,2
오류,한국어교육,2
Korean Language Education,여성결혼이민자,2
여성결혼이민자,한국어교육,2
collocation,corpus,2
collocation,말뭉치,2
Korean education,한국어 학습자,2
한국어 학습자,한국어교육,2
Korean language education,고급 학습자,2
Korean language education,중국인 학습자,2
고급 학습자,중국인 학습자,2
교재,문화,2
인지,중국어,2
vocabulary education,어휘 지식,1
어휘 지식,한국어교육,1
Korean language education,word formation,1
vocabulary education,word formation,1
word formation,어휘 교육,1
word formation,한국어 교육,1
어휘 목록,한국어 어휘,1
Korean,Korean Language Education,1
Korean,한국어 교육,1
Korean Language Education,한국어,1
Korean Language Education,교육 방안,1
Korean Language Education,어휘 능력,1
Vocabulary Education,교육 방안,1
Vocabulary Education,어휘 능력,1
교육 방안,어휘 교육,1
교육 방안,어휘 능력,1
교육 방안,한국어 교육,1
어휘 능력,한국어 교육,1
Korean,고급 학습자,1
고급 학습자,한국어,1
Korean language education,언어 네트워크 분석,1
언어 네트워크 분석,연구 동향,1
언어 네트워크 분석,한국어교육,1
Chinese character,error analysis,1
Chinese character,오류분석,1
Chinese character,학습자,1
error analysis,오류분석,1
error analysis,학습자,1
error analysis,한자어,1
오류분석,학습자,1
오류분석,한자어,1
학습자,한자어,1
Synonym,Vocabulary,1
Vocabulary,유의어,1
어휘,유의어,1
Vocabulary Education,교재 분석,1
교재 분석,어휘 교육,1
Korean vocabulary education,어휘 목록,1
어휘 목록,한국어 어휘 교육,1
어휘 교육,오류,1
어휘 교육,중국인 학습자,1
Korean language,Vocabulary education,1
Korean language,어휘교육,1
Korean language,한국어교육,1
Vocabulary education,한국어,1
Korean Education,한국어능력시험,1
한국어교육,한국어능력시험,1
Korean vocabulary education,Sino-Korean word,1
Korean vocabulary education,한자 교육,1
Korean vocabulary education,한자어,1
Sino-Korean word,한국어 어휘 교육,1
Sino-Korean word,한자 교육,1
한국어 어휘 교육,한자 교육,1
한국어 어휘 교육,한자어,1
문학교육,스토리텔링,1
Korean Language Education,어휘 목록,1
어휘 교육,어휘 목록,1
어휘 목록,한국어교육,1
Vocabulary,Vocabulary Education,1
Vocabulary,어휘 교육,1
Vocabulary Education,어휘,1
어휘,어휘 교육,1
KFL,Korean language education,1
KFL,텍스트,1
Korean language education,텍스트,1
텍스트,한국어교육,1
Korean language education,의사소통능력,1
의사소통능력,의성어,1
의사소통능력,한국어교육,1
의성어,한국어교육,1
Sino-Korean words,어휘 학습,1
교육과정,외국어로서의 한국어교육,1
Korean culture,Vocabulary education,1
Korean culture,어휘 교육,1
Korean culture,연어,1
Korean education,연어,1
Vocabulary education,연어,1
curriculum,학문 목적 한국어,1
curriculum,한국어능력시험,1
교육과정,학문 목적 한국어,1
교육과정,한국어능력시험,1
연구 동향,한국어 교육,1
Writing,교육과정,1
Writing,교재 분석,1
교육과정,교재 분석,1
교육과정,쓰기,1
교재 분석,쓰기,1
Korean culture,스토리텔링,1
漢字語,어휘,1
漢字語,오류,1
어휘,오류,1
오류,한자어,1
Korean culture,중국인 학습자,1
어휘,코퍼스,1
어휘,한자,1
어휘,한자교육,1
코퍼스,한자,1
코퍼스,한자교육,1
문법 항목,오류,1
frequency,어휘 목록,1
corpus,텍스트,1
말뭉치,텍스트,1
Korean language education,Korean vocabulary education,1
Korean language education,한국어 문법 교육,1
Korean language education,한국어 어휘 교육,1
Korean vocabulary education,한국어 문법 교육,1
Korean vocabulary education,한국어교육,1
한국어 문법 교육,한국어 어휘 교육,1
한국어 문법 교육,한국어교육,1
한국어 어휘 교육,한국어교육,1
Korean education,어휘 능력,1
Vocabulary education,어휘 능력,1
Korean language education,Vocabulary education,1
속담,어휘 교육,1
속담,중국인 한국어 학습자,1
어휘 교육,중국인 한국어 학습자,1
Chinese character,번역,1
Chinese character,학문 목적 한국어,1
번역,어휘 교육,1
번역,학문 목적 한국어,1
번역,한자,1
학문 목적 한국어,한자,1
중국인 한국어 학습자,한자어 교육,1
Korean Language Education,문화교육,1
Korean Language Education,어휘교육,1
문화교육,어휘교육,1
Korean Education,중국인 한국어 학습자,1
어휘,외래어,1
외래어,한국어 교육,1
vocabulary education,외국어로서의 한국어교육,1
어휘 교육,외국어로서의 한국어교육,1
외국어로서의 한국어교육,유의어,1
Korean education,중국인 학습자,1
Korean education,한국어 어휘 교육,1
중국인 학습자,한국어 어휘 교육,1
Korean education,Sino-Korean words,1
Sino-Korean words,vocabulary education,1
Sino-Korean words,어휘 교육,1
Sino-Korean words,한국어 교육,1
Sino-Korean words,한자어 교육,1
vocabulary education,한자어,1
어휘 교육,한자어,1
어휘 지식,한국어 교육,1
어휘 목록,중국인 학습자,1
vocabulary education,코퍼스,1
공기 관계,문법 항목,1
연구 동향,학문 목적 한국어,1
literacy,학습 한국어,1
Sino-Korean words,literacy,1
Sino-Korean words,한자 교육,1
literacy,한자 교육,1
literacy,한자어,1
고급 학습자,교재,1
고급 학습자,문화교육,1
고급 학습자,한국어교육,1
교재,문화교육,1
문화교육,한국어교육,1
Korean language education,유의어,1
연구 동향,유의어,1
유의어,한국어교육,1
Korean Education,corpus,1
Korean Education,코퍼스,1
corpus,한국어교육,1
코퍼스,한국어교육,1
curriculum,교재 개발,1
교육과정,교재 개발,1
Synonym,한국어,1
Synonym,한자어,1
어휘,한국어,1
Korean textbooks,구어,1
구어,한국어 교재,1
Chinese character,Sino-Korean word,1
Chinese character,vocabulary,1
Sino-Korean word,vocabulary,1
vocabulary,한자,1
Corpus,공기 관계,1
Corpus,구어,1
공기 관계,구어,1
구어,말뭉치,1
Korean language education,curriculum,1
curriculum,교재,1
curriculum,한국어 교육,1
문법 항목,한국어 문법 교육,1
Korean vocabulary education,corpus,1
Korean vocabulary education,말뭉치,1
Korean vocabulary education,유의어,1
corpus,한국어 어휘 교육,1
말뭉치,한국어 어휘 교육,1
Synonym,한국어 어휘,1
공기 관계,한국어 어휘,1
말뭉치,한국어 어휘,1
Korean education,학문 목적 한국어,1
vocabulary education,학문 목적 한국어,1
Korean Education,중국인 학습자,1
Korean,한자,1
중국어,한자,1
한국어,한자,1
vocabulary education,말뭉치,1
Korean culture,Korean textbooks,1
Korean culture,한국어 교육,1
Korean culture,한국어 교재,1
Korean education,Korean textbooks,1
Korean education,한국어 교재,1
Korean textbooks,한국어 교육,1
한국어 교육,한국어 교재,1
Korean textbook,vocabulary,1
Korean textbook,어휘,1
vocabulary,한국어 교재,1
어휘,한국어 교재,1
Korean Education,Vocabulary,1
Korean Education,어휘교육,1
Vocabulary,어휘교육,1
Vocabulary,한국어교육,1
writing,어휘 교육,1
writing,한국어 학습자,1
문법,어휘 교육,1
문법,한국어 학습자,1
쓰기,어휘 교육,1
쓰기,한국어 학습자,1
어휘 교육,한국어 학습자,1
문학교육,문화교육,1
Corpus,쓰기 교육,1
쓰기 교육,어휘 교육,1
쓰기 교육,코퍼스,1
Korean language education,중국인 한국어 학습자,1
중국인 한국어 학습자,한국어교육,1
Korean education,중국어,1
중국어,한국어 교육,1
관용표현,한국어 교육,1
Korean language education,쓰기 교육,1
쓰기 교육,한국어 교육,1
Korean textbooks,문법,1
Korean textbooks,학습자,1
문법,학습자,1
문법,한국어 교재,1
학습자,한국어 교재,1
Korean education,합성어,1
한자어 교육,합성어,1
Vocabulary Education,유의어,1
KFL,Vocabulary Education,1
KFL,어휘교육,1
KFL,외국어로서의 한국어교육,1
Vocabulary Education,외국어로서의 한국어교육,1
Korean vocabulary education,교재 분석,1
교재 분석,한국어 어휘 교육,1
구어 말뭉치,언어 네트워크 분석,1
구어 말뭉치,한국어 학습자,1
언어 네트워크 분석,한국어 학습자,1
어휘 능력,어휘 지식,1
Writing,고급 학습자,1
Writing,구어,1
고급 학습자,구어,1
Korean Language Education,교재 개발,1
교재 개발,한국어 교육,1
교육 방안,한국어 학습자,1
Korean culture,Korean language,1
Korean culture,교육 방안,1
Korean culture,오류,1
Korean culture,한국어,1
Korean language,교육 방안,1
Korean language,오류,1
교육 방안,오류,1
교육 방안,한국어,1
오류,한국어,1
Korean vocabulary education,word formation,1
word formation,한국어 어휘 교육,1
Vocabulary Education,한자,1
Vocabulary Education,한자어 교육,1
한자,한자어 교육,1
쓰기 교육,한국어교육,1
Synonym,Vocabulary education,1
Synonym,어휘교육,1
Vocabulary education,유의어,1
어휘교육,유의어,1
교재,학습자,1
Korean Language Education,교재,1
Korean Language Education,번역,1
교재,번역,1
번역,한국어교육,1
Corpus,Korean Language Education,1
Corpus,한국어 교육,1
Korean Language Education,말뭉치,1
Korean Language Education,유의어,1
말뭉치,한국어 교육,1
Korean education,vocabulary learning,1
Korean education,어휘 학습,1
관용표현,스토리텔링,1
속담,스토리텔링,1
literacy,스토리텔링,1
frequency,속담,1
curriculum,vocabulary education,1
어휘 지식,중국인 한국어 학습자,1
텍스트,학문 목적 한국어,1
word formation,합성어,1
관용표현,유의어,1
Korean,합성어,1
한국어,합성어,1
Korean textbook,다문화가정,1
Korean textbook,여성결혼이민자,1
다문화가정,한국어 교재,1
여성결혼이민자,한국어 교재,1
Chinese character,한국어,1
어휘 교육,오류 분석,1
vocabulary,다문화가정,1
vocabulary,스토리텔링,1
다문화가정,스토리텔링,1
다문화가정,어휘,1
스토리텔링,어휘,1
Sino-Korean word,漢字語,1
Sino-Korean words,漢字語,1
Korean language education,literacy,1
Korean language education,한자어 교육,1
literacy,vocabulary education,1
literacy,어휘 교육,1
literacy,한자어 교육,1
Korean language education,관용표현,1
Korean language education,속담,1
vocabulary education,관용표현,1
vocabulary education,속담,1
관용표현,어휘교육,1
속담,어휘교육,1
KFL,vocabulary education,1
KFL,어휘 교육,1
KFL,외래어,1
vocabulary education,외래어,1
외래어,한국어교육,1
Korean language education,frequency,1
Korean language education,문법 항목,1
frequency,문법 항목,1
frequency,한국어 교육,1
문법 항목,한국어 교육,1
문화교육,속담,1
curriculum,한자 교육,1
Korean Language Education,한국어 쓰기 교육,1
Korean,문화,1
문화,중국어,1
Korean Language Education,한자어,1
Korean Language Education,한자어 교육,1
Korean,여성결혼이민자,1
Korean,한자교육,1
frequency,여성결혼이민자,1
frequency,한자교육,1
여성결혼이민자,한자교육,1
중국인 한국어 학습자,한자어,1
KFL,vocabulary learning,1
KFL,어휘 학습,1
vocabulary learning,한국어교육,1
어휘 학습,한국어교육,1
Writing,문법 항목,1
Writing,의사소통능력,1
문법 항목,의사소통능력,1
Korean Language Education,오류,1
Writing,오류,1
쓰기,오류,1
교재,텍스트,1
텍스트,한국어 교육,1
Korean vocabulary education,어휘 교육,1
Korean language education,vocabulary learning,1
Korean language education,어휘 학습,1
Korean Language Education,관용표현,1
관용표현,다문화가정,1
관용표현,여성결혼이민자,1
관용표현,한국어교육,1
교재 개발,문학교육,1
한국어 교육,합성어,1
어휘 능력,한국어 쓰기,1
Korean language education,구어 말뭉치,1
구어 말뭉치,한국어 교육,1
Korean language education,Vocabulary,1
Korean language education,어휘,1
Vocabulary,의성어,1
Vocabulary,한국어 교육,1
어휘,의성어,1
vocabulary learning,어휘,1
collocation,어휘 교육,1
corpus,연어,1
말뭉치,연어,1
Korean for academic purposes,교재 분석,1
교재 분석,학문 목적 한국어,1
Korean education,writing,1
writing,한국어 교육,1
Korean education,유의어,1
Korean Language Education,문화,1
Korean Language Education,한국어 교재,1
문화,한국어 교재,1
문화,한국어교육,1
한국어 교재,한국어교육,1
학문 목적 한국어,한국어 교육,1
중국인 한국어 학습자,합성어,1
error analysis,한국어 학습자,1
오류 분석,한국어 학습자,1
Korean Education,한자어,1
Korean language education,한국어 학습자,1
한국어 교육,한국어 학습자,1
Sino-Korean words,중국어,1
vocabulary,문법,1
문법,어휘,1
고급 학습자,한국어 쓰기,1
의사소통능력,한국어 교육,1
collocation,유의어,1
corpus,공기 관계,1
error analysis,writing,1
writing,오류 분석,1
구어,구어 말뭉치,1
Chinese character,어휘 능력,1
어휘 능력,한자,1
vocabulary learning,교재 분석,1
교재 분석,어휘 학습,1
교재 분석,한국어 교육,1
vocabulary learning,구어,1
vocabulary learning,한국어 학습자,1
구어,어휘 학습,1
구어,한국어 학습자,1
어휘 학습,한국어 학습자,1
Korean language,한국어 교재,1
한국어,한국어 교재,1
한국어 쓰기,한국어 학습자,1
한국어 쓰기,한국어교육,1
구어 말뭉치,어휘 교육,1
구어 말뭉치,외래어,1
Korean language education,오류 분석,1
오류 분석,한국어교육,1
Korean language,번역,1
번역,한국어,1
vocabulary,합성어,1
Sino-Korean word,중국어,1
Korean language education,한국어,1
한자교육,한자어,1
외국어로서의 한국어교육,한자어,1
교육과정,외래어,1
교육과정,코퍼스,1
외래어,코퍼스,1
Korean,corpus,1
Korean,말뭉치,1
corpus,frequency,1
corpus,한국어,1
frequency,말뭉치,1
말뭉치,한국어,1
vocabulary,문법 항목,1
문법 항목,어휘,1
Synonym,의사소통능력,1
오류분석,중국어,1
문화,속담,1
literacy,한국어 쓰기 교육,1
collocation,학습자,1
연어,학습자,1
Korean language,문법,1
Korean language,의사소통능력,1
문법,의사소통능력,1
문법,한국어,1
의사소통능력,한국어,1
문화,오류,1
문화,한자,1
오류,한자,1
Corpus,한자 교육,1
코퍼스,한자 교육,1
학문 목적 한국어,한국어 쓰기 교육,1
외래어,한국어,1
