keyword,count
한국어교육,69
한국어 교육,68
Korean language education,62
어휘 교육,43
한국어,33
Korean Language Education,32
한자어,29
유의어,21
vocabulary education,20
Korean education,20
말뭉치,20
한국어 교재,20
어휘,19
Korean,15
corpus,15
한국어 어휘 교육,14
중국인 한국어 학습자,14
한자,13
중국인 학습자,13
오류,13
학문 목적 한국어,13
한국어 학습자,13
Korean vocabulary education,12
어휘교육,12
vocabulary,12
코퍼스,12
Corpus,11
교재 분석,11
Korean Education,10
중국어,10
한자어 교육,10
외래어,10
Vocabulary Education,9
Synonym,9
합성어,9
Sino-Korean words,9
오류 분석,9
다문화가정,9
Sino-Korean word,8
Korean textbook,8
연구 동향,8
Chinese character,8
collocation,8
한자 교육,8
KFL,8
어휘 학습,8
교육과정,8
여성결혼이민자,8
번역,8
교재,8
구어 말뭉치,8
문화,8
어휘 능력,7
문화교육,7
Korean language,7
스토리텔링,7
외국어로서의 한국어교육,7
curriculum,7
漢字語,7
교재 개발,7
공기 관계,7
한자교육,7
문법 항목,7
frequency,7
쓰기 교육,7
어휘 지식,6
한국어 어휘,6
어휘 목록,6
고급 학습자,6
error analysis,6
연어,6
Vocabulary,6
Vocabulary education,6
한국어능력시험,6
텍스트,6
의사소통능력,6
의성어,6
Korean culture,6
인지,6
쓰기,6
Writing,6
한국어 문법 교육,6
속담,6
한국어 쓰기 교육,6
학습 한국어,6
literacy,6
Korean textbooks,6
구어,6
관용표현,6
문법,6
writing,6
한국어 쓰기,6
Korean for academic purposes,6
vocabulary learning,6
word formation,5
교육 방안,5
언어 네트워크 분석,5
오류분석,5
학습자,5
문학교육,5
